-- MySQL dump 10.13  Distrib 5.7.15, for Win64 (x86_64)
--
-- Host: localhost    Database: sischoolbd
-- ------------------------------------------------------
-- Server version	5.5.5-10.1.16-MariaDB

/*!40101 SET @OLD_CHARACTER_SET_CLIENT=@@CHARACTER_SET_CLIENT */;
/*!40101 SET @OLD_CHARACTER_SET_RESULTS=@@CHARACTER_SET_RESULTS */;
/*!40101 SET @OLD_COLLATION_CONNECTION=@@COLLATION_CONNECTION */;
/*!40101 SET NAMES utf8 */;
/*!40103 SET @OLD_TIME_ZONE=@@TIME_ZONE */;
/*!40103 SET TIME_ZONE='+00:00' */;
/*!40014 SET @OLD_UNIQUE_CHECKS=@@UNIQUE_CHECKS, UNIQUE_CHECKS=0 */;
/*!40014 SET @OLD_FOREIGN_KEY_CHECKS=@@FOREIGN_KEY_CHECKS, FOREIGN_KEY_CHECKS=0 */;
/*!40101 SET @OLD_SQL_MODE=@@SQL_MODE, SQL_MODE='NO_AUTO_VALUE_ON_ZERO' */;
/*!40111 SET @OLD_SQL_NOTES=@@SQL_NOTES, SQL_NOTES=0 */;

--
-- Current Database: `sischoolbd`
--

CREATE DATABASE /*!32312 IF NOT EXISTS*/ `sischoolbd` /*!40100 DEFAULT CHARACTER SET latin1 */;

USE `sischoolbd`;

--
-- Table structure for table `aluno`
--

DROP TABLE IF EXISTS `aluno`;
/*!40101 SET @saved_cs_client     = @@character_set_client */;
/*!40101 SET character_set_client = utf8 */;
CREATE TABLE `aluno` (
  `id` int(11) NOT NULL,
  `APROVADO` tinyint(1) DEFAULT '0',
  `COMPROVANTERESIDENCIA` longblob,
  `FOTO3X4` longblob,
  `MAERESPONSAVEL` tinyint(1) DEFAULT '0',
  `NECESESPEC` tinyint(1) DEFAULT '0',
  `NECESESPECACOMP` tinyint(1) DEFAULT '0',
  `NOMEMAE` varchar(255) DEFAULT NULL,
  `NOMEPAI` varchar(255) DEFAULT NULL,
  `NOMERESPONSAVEL` varchar(255) DEFAULT NULL,
  `OUTRORESPONSAVEL` tinyint(1) DEFAULT '0',
  `PAIRESPONSAVEL` tinyint(1) DEFAULT '0',
  `PARENTESCORESPONSAVEL` varchar(255) DEFAULT NULL,
  `RA` varchar(255) DEFAULT NULL,
  `TRANSPPUBLICOESCOLAR` tinyint(1) DEFAULT '0',
  `escola_id` int(11) DEFAULT NULL,
  `turma_id` int(11) DEFAULT NULL,
  PRIMARY KEY (`id`),
  KEY `FK_ALUNO_turma_id` (`turma_id`),
  KEY `FK_ALUNO_escola_id` (`escola_id`),
  CONSTRAINT `FK_ALUNO_escola_id` FOREIGN KEY (`escola_id`) REFERENCES `escola` (`ID`),
  CONSTRAINT `FK_ALUNO_id` FOREIGN KEY (`id`) REFERENCES `pessoa` (`ID`),
  CONSTRAINT `FK_ALUNO_turma_id` FOREIGN KEY (`turma_id`) REFERENCES `turma` (`ID`)
) ENGINE=InnoDB DEFAULT CHARSET=latin1;
/*!40101 SET character_set_client = @saved_cs_client */;

--
-- Dumping data for table `aluno`
--

LOCK TABLES `aluno` WRITE;
/*!40000 ALTER TABLE `aluno` DISABLE KEYS */;
INSERT INTO `aluno` VALUES (122,0,'\\0p','\\0p',1,0,0,'dsa','dsadsa','',0,0,'','321432',0,1,1),(123,0,'\\0p','\\0sr\0javax.swing.ImageIcon5n\2\0I\0heightI\0widthL\0accessibleContextt\0+Ljavax/swing/ImageIcon$AccessibleImageIcon;L\0descriptiont\0Ljava/lang/String;L\0\rimageObservert\0Ljava/awt/image/ImageObserver;xp\0\0\0u\0\0\0upppw\0\0\0u\0\0\0uur\0[IM`&v겥\0\0xp\0\05y\\}QTqrZs4\\ \\ \\ \\ \\ \\ \\ \\ \\ \\ \\ \\ \\ \\ \\ \\ \\ \\ \\ \\\\ \\ \\\\\\\\\\\\\\\\\\\\\\\\\\\\\\\\%Ү#і-,`ytztssutsuwy_{|RwwOvwMrsOTT?yksswwx[srRr~jl{f\\\\\\\ß\\}~QTqrZ}{{xuqn]%\\ \\\\ \\ \\ \\ \\ \\\"\\ \\ \\!\\\"\\!\\ \\ \\ \\\\\\\\\\\\\\\\\\\\\\\\\\\\\\\\\\\\\\\\ \\\\ ̪լ* \"-8\=\\=\\:\\0\\3\\8>>mz_|~RxyNwwMstOST?yjuttvx[srRq}jk{g\\\\\\\[}~QUpqYYB1\4\\7\\1\\&\\$\\ \\!\\!\\\\ \\ \\ \\ \\ \\ \\!\\ \\ \\!\\!\\\"\\ \\\\\\\\\\\\\\\\\\\\\\\\ \\ \\\\\\\\\\\\\\\\\\ \\ \\ \\\"\\#\\ \\\\\\\\\\\\\\\\\\ ˿#/py_|~QyzNxyMtuNST?zjusvvx\\srSr}kjzg\\\\\\\[}PUrqZa3\\$\\\\\\\\ \\\\\\!\\ \\ \\ \\\\ \\ \\!\\ \\!\\ \\ \\ \\!\\\\\\ \\ \\\\\\\\\\\\\\ \\\\ \\ \\ \\\\\\\\\\\\\\ \\\\\\\\\\\\!\\\\\\!\\!\\\\ \\\"\\%Ԯ\"˝(0nz{_|~QyyOyxMtuNTT>{ituwwx]srRt~miy}g\\\\\\\Ý[~OUrq[8־)\\$\\\\ \\ \\\\ \\\\ \\\\ \\ \\ \\ \\ \\ \\ \\ \\ \\ \\!\\\\\\ \\\\\\\\\\\\ \\ \\ \\\\!\\ \\\\\\\\\\\\\\\\ \\\\\\ \\\\ \\ \\\\\\ \\%\\%ع#Ѣ&И)ѕ./[yz{`{}QyyOzyNuvNTU=|iwxwwy]srRu}lhx|g\\\\\\\ƟÛ\\~PTrq[^7\\)\\\"\\ \\ \\\\\\\\\\\\\\ \\ \\!\\!\\!\\ \\!\\!\\ \\!\\\\ \\ \\\\!\\\\\\\\ \\\\\\\\\\\\\\\\\\\\\\\\\\ \\ \\\\!\\\\ \\\\!\\$\\\"Ԭ&ә*ӕ-ӕ/ӕ.ɒ1>v{zy`}~Rz{N{zOuwMSV<kyxwwz^ssSu~lhx|h\\\\\\ǠŜ]~PUrpZ?Λ(\\)\\ \\ \\ \\ \\\\ \\ \\\\ \\ \\ \\!\\!\\ \\\"\\!\\ \\!\\ \\\\\\\\\\\\\\\\ \\\\\\\\\\ \\\\\\\\\\\\\\\\\\\\\\\\\\!\\!׷\"Ҡ\'И*ӕ/ӕ/ӕ/ӕ/ҕ0{-lyzty`|~RzzN{zNvwNTU=~kyxxxz]trSu}kgy}g\\\\\\ɠǞÙ\\~~OVsq[Uɔ6ӥ&\\(\\!\\ \\!\\ \\ \\\\ \\ \\ \\ \\!\\ \\ \\ \\ \\ \\ \\\"\\ \\\\\\\\\\\\ \\\\\\\\\\\\\\\\\\\\\\\\\\\\\\\\\\ \\\\ȥі*ӕ/ӕ.ӕ/Ӗ/ӕ/Ӗ0-Xxwuwz`{}Q{|MzzLxxPUT>lyxzx{^usSt~kgx|h\\\\\\\ʡȝę]}~NVsqZ~;ѕ.ױ\'\\&\\ \\!\\ \\ \\\\!\\!\\ \\ \\ \\ \\ \\ \\ \\ \\ \\!\\!\\ \\ \\ \\\\\\\\\\\\\\\\\\\\\\\\\\\\\\\\\\\\\\\\\\\\\"\\&ծ&Ϙ*Ӕ0ӕ/ӕ.ӕ.ǒ0?{v|vz{~_{|Pz{L{zNwwPVU>mzyyy}_vsTt~kiv|g\\\\\\\ˢǜĘ\\}OWsq[MΕ:͘)\\*\\\"\\ \\ \\ \\\\!\\\"\\ \\ \\ \\ \\ \\ \\ \\ \\ \\ \\ \\ \\ \\\\\\\\\\\\\\\\\\\\\\\\ \\ \\\\\\\\\\\\\\\\\\\\!\\!\\$\\\'Ҥ(Ж-Ҕ.Е0{-q{yxz||`{}PyzL|{OwwOUU<mzzw{~_vsTtljv|g\\\\\\\ˢȞĘ_V[sq[`}#\\\"\\ \\\\ \\ \\!\\!\\ \\ \\ \\ \\ \\ \\ \\ \\ \\ \\ \\!\\ \\\\\\\\\\\\\\\\\\\\\\\\\\\\\\\\\\\\\\\\\\ \\\\\\\\\\\"\\%\%ɜ#\"^|z}x{}{_{~PyzM|{OxxQVU?n{zt|}]vrSrlhw{g\\\\\\\ʡɠƙÖb[^qrXdQ>,\\&\\&\\\"\\ \\ \\ \\!\\\"\\ \\ \\ \\ \\ \\ \\ \\ \\ \\ \\ \\ \\ \\ \\\\\\ \\ \\\\\\\\\\\\\\\\\\\\\\\\\\\\\\ \\\\\\ \\ \\\\!\\ \\!\\ \\\\\"Jw|z|z{|}^{~OyzL{zNwxPUV>~n|uv}}]wsTtmhx|g\\\\\\\ˢʠƚØ`X|zMql>9*\\0\\.\\!\\\\\\ \\ \\ \\ \\ \\ \\!\\\\\\\\ \\ \\ \\ \\ \\ \\ \\ \\ \\ \\\\\\ \\!\\ \\\\\\\\\\\\\\\\\\\\\\\\\\\\\\ \\\\ \\ \\!\\ͤ!Ӫ%ٸ\'\\%\\ \\!\\!\\\'0Xz|zz|}]y|NxyLzzNvwNUV>n|oz}}]wsTunjyg\\\\\\\ˢɟǛę×yD6+\\*\\\\\\\\ \\\\ \\ \\\\\\!\\ \\ \\ \\!\\ \\!\\!\\\"\\!\\ \\ \\ \\ \\ \\ \\ \\ \\\\ \\ \\ \\\\\\\\\\\\\\\\\\\\\\\\\\\\\\\\\\\\ \\!\\ \\\'͚%Ӗ,Җ.җ+ѝ&Ԫ%ڽ%\\(\\&\\\'8e{{{z^x|PyzM{zNvwNVV?nxo}{}]wsTtmkzg\\\\\\\̤ʟƚęØ×}{Aơ?Ԭ,ض\'ܿ\'\\!\\ \\#\\#\\ \\!\\\"\\\\\\\\ \\ \\ \\ \\ \\ \\ \\ \\ \\ \\ \\ \\ \\ \\ \\ \\ \\ \\ \\ \\ \\\\\\\\\\\\\\\\\\ \\\\\\\\\\\\\\\\\\ \\!\\!\\&Ѧ$Ӗ.Ӗ/ӕ.Ҕ/Ҕ/Ӗ.Ҙ.ҥ(ٹ(\\+.Er{}_z{QyzMzzMuuMWV=lmnyz~_wtUsmjy~f\\\\\\ͤ\̠ǝĚØėx73Җ.ӕ.З,ћ+բ)֮\'ٽ$\\)\\*\\\"\\\\ \\ \\ \\ \\!\\!\\!\\ \\ \\ \\ \\ \\ \\ \\ \\ \\ \\ \\ \\ \\\\ \\\\ \\\\\\\\\\\\\\\\\\\\\\\\\\\\\\\\!\\!\\ \\#ػ%ї,Ӗ/ӕ/Ӕ0ӕ/Ҕ-ҕ.ҕ.ҕ.љ*ԥ+Ѵ23[[zzNyzMxxLuuNVU<~l}irz{~_xtUsnjy|f\\\\\\\Ϧ\ˡȞśÙ`~p;6ѕ/Җ-Җ-ӕ/ӕ/Җ-җ-қ*զ)ٶ*\\\'\\!\\ \\ \\\\ \\!\\ \\ \\ \\\\ \\ \\\\ \\ \\ \\ \\ \\ \\ \\ \\ \\ \\ \\ \\\\\\ \\\\\\ \\\\\\\\\\!\\ \\\\ \\!\\ \\!\\)Κ\'ҕ/Ӕ/ӕ/ӕ.ҕ-ӕ/ӕ/ӕ.Ӗ-Ӗ,ҕ-қ--ym2{zKyzMwvJvuNTT<|k}jv||~^wtTrnjy|e\\\\\\\Ч\̢ɟƛĚd^}uGv,ϓ3ӕ.Ӗ-ӕ/ӕ/Ӗ/ԕ/Ӗ/Ԗ.͞$\\\"\\!\\ \\ \\\\ \\\\\\ \\ \\ \\ \\ \\\\ \\\\\\\\!\\!\\!\\!\\!\\ \\\\\\\\ \\\\\\\\ \\ \\ \\ \\ \\ \\ \\ \\ \\\\\\$Ш#Җ.Ӗ/ӕ/ҕ.ҕ.Ӗ.ӕ-Ӕ/Ӕ/ӕ/Ԕ.ӓ-̔1q/xvFyyLwwKvvOSS<uyenv|}_vuUoliz}g\\\\\Ѩ\ͤ\ʠǛśg_amhHu<Ñ6ӕ/Ԕ/Ԗ/Ӗ/ԕ/Ӗ/љ*\\-\\\"\\ \\ \\ \\ \\ \\\\ \\ \\ \\ \\ \\\\\\ \\\\ \\ \\!\\ \\\\\\\\\\\\\\\\ \\ \\\\\\ \\!\\ \\\\ \\\\!\\ \\ \\!\\!\\\"غ&і,Ӕ0Ӕ0Ӕ/Ҕ/ӕ-ҕ.Ӕ/ӕ/ӕ.Ԕ.Î2x7{OyzMyzMvwKvvORR9rubtx{~`vtUomi{}g\\\\Ѩ\Ϧ\ˡɞśÙh_booZO9ҕ3Ӗ.Ӗ-ӕ/Җ*ݹ+\\$\\ \\ \\\\ \\ \\!\\ \\!\\!\\ \\ \\ \\\\ \\ \\\\\\ \Z\\\\\"\\\\\\ \\ \\\\ \\ \\\"ί\\\'\\ \\!\\\\ \\$\\+Λ&ӕ/ӕ/ӕ/Ҕ/ҕ.ӕ-ӕ-ҕ-є20Gv{]yzPyzNuvJwwPRR8rvcyy|_vuUoji{}g\\\ҩ\Ϥ\̡ɝƛĘh`cqp\\b9̔6ӕ/ї,׭\'\\)\\\\ \\\\\\!\\ \\!\\ \\ \\\\\\\\\\!\#PjC,LP?T:e\r:s<z;~;	<x;q:j<_3SQdwC\"\\\\ \\\\\\\\$͟֯&\\\'\\!׾\"͚&Ϥ\"\0Ӣ*Ӗ.Ӗ/Ӗ/ҕ.ӕ-ӕ-ӕ-̓2{2\\xz}^yzPyyOtsJvvPSS:rvbu{{}~]wuVmii{}h\\ҩ\Ч\̢ɝǚř×h`crq[vu4Ȑ/ѡ\'\\)\\#\\ Ѽ\Z\\#\\#\\\\$\\ \\ \\\\\\ \w&7VM>^	<u<~	<z:s:o?o$Ht+Nx.R|+Nw%HvBt;r\n:r\n;x;lBUNhF\'\\$\\!\\%Т\"Ҙ+د(\\\'\\%Θ&Ӗ-Ҙ,ԙ-ӕ/Ӗ/Ӗ/ҕ-Ӗ-ҕ/0x8o{z|~`yzPyxOwuNwvQSS<vzfs|y|]wuTojl{~i\\ҩ\Ц\ΣȝŚř×ibcrr\\zQx.˔.\5ۺ#ѥ$ϙ&ٷ&\\%\\&ˢ\\)\\\\\\#&Rj1@Y\n;y;{8q*M|Xp\\\\\\\\\\\\\\\\\\\\\\\fv7Qr<k9u:mEQf{?-̣+ҕ.Җ.خ(\\0͜#ӕ-Ӗ/Ӗ/ӕ0ӕ0Ӗ/̏*Ԕ2-~Iw{zzz~`{|RyyMwvKwwPRS<}luyw}^vtTm~im|j\\Ӫ\Ѧ\͢\ˠƛřÖjecqr]`y8Đ5ҕ1Ӗ,Ҙ*Җ*ӕ-Җ(\\(\\&Π$Й(\\*\\\"B`*>^=~\r;v.N}r\\\\\\\\\\\\\\\\\gw+Dk6p8y>bXYF>Д4җ*۫0՞*ӕ-Ԗ.Ӗ/ӕ/Ӗ/ӕ/rn1dyz{y{z}`{|QxyMvwKwwPSS=mxxy}^vtSk}il|k\\ҧ\Ѧ\͢\ˠǜŚĘnfdorZvxvL;) Г-Ӗ-Ӗ-ԕ/ћ(\\2ϧ!Ӗ,Җ,Ͳ3m#?S<v\r:s/Py\\\\\\\\dhr[`jY]gikvY]`\\\\\\`k~)Ad7l9u8`a]L>Д.ԕ,Ԕ,Օ-Ӗ.ӕ/Ӗ.Ӕ/)G||z|{{{{\\z{OvwLvwLwxOST=oyxz~~^utTl}ik}i\\Ҩ\Ѧ\Σ\ʟ\ɞȜƚĘnfapsZ\\v\'ѕ0Ӗ-Ӗ.ӕ/֝.ة*Ҙ+Ҕ10<C6:q\n<z\Z=qh|\\\\\\\\\\bl\\\\\\\\qtLXo7c\n<z\n:u#<Vr>ʔ6ҕ-Ԗ/Ӗ/Ӕ0Ӕ/ӕ.і/x0yz|{z{{{Zz{OttJtuKxyPTT>oyyz~|[usSn~jl~i\\ҩ\Ѧ\Σ\̡\ʟɝƛƚėle`prYFΕ6Җ.Ӗ.Ӗ.Ӗ-ԗ,Ӗ*Е,t.):F<x;y%Iv\\\\\\\\\\cai\\\\\\\\\twagv0Hg<x;|<{4gSMA>ѕ.ҕ.Ҕ/Ҕ/ҕ.і/(hz{y{{|zYz|PstKssJxxPTT>mxwz~|[utTo}gm~i\\Ҩ\ҧ\Х\͢\ʟ\ʞɜȚĘmf`qsZS<Җ/Җ-Ӗ.Ӗ.Ӗ.Җ-ѕ*t*$8E<y={.Nz\\\\\\\\\\ns\oteksryX^h\\\\\\quJN]@Pl\r;r<|;|;z$N.15?ϔ0ҕ-ӕ/Ӗ/ҕ/Œ3Hzz{{{|z[z{PssJsrJwwQSS>mzzy}{[uuUq~{fnj\\Ҧ\ҧ\Ѧ\Ϥ\ˠ\ʞ\ʜȚėÖnhbqsZm?Җ2Ӗ/Ӗ.Ӗ.Ӗ.Ӗ.ҕ-((/)<t	<|8o\\\\\\\\\\|~bji\]`o\\\\\\x|rvqtIZo;n<};|\n;v$PA310Aҕ-ҕ.Ӗ/ҕ/ϕ0{1vzzzz|{]zzQtrJtrLwvQQR=lzzz|{[vuVs}ink\\ө\ҧ\Ҧ\Х\ˠ\ʟ\ʞǜřĕÖmhcosU|zFΔ9Ӗ.ӕ.Ӗ-Ӗ.Ӗ.ӕ.1802_	<|	<|7k\\\\\\\\\\uz\dgs\\\\swuzrvqvP_r9j<{;{9t!I B7g>Д3ӕ/ӕ/ҕ.Җ.*_yx{{|{\\z{QtrJtrLywRQR=kxwz|{[utTq|jnk\\ҧ\ҧ\ѥ\С\̠\ʟ\ʟ\ɞǛĖÖÕmjgnpV}pW?Ҕ1Ӗ-Ӗ/ӕ-Ԗ.Ӗ.і3fN\n!5\n8q	<}	<|8k\\\\\\\\\\^af_ag[_kw|\\\\rvsxswqvN]o:j<{<|3i ECCTE1ϔ8Ҕ/ѕ1Ҕ/Ӗ.ʔ1}?vx{|~z[z{QtsJtrKyxRRR=lwwz|yZutTr|ink\\Ӫ\Ө\Ѧ\ϣ\͟\ʟ\ɞȜƙĘÕÕklnnhI~=ӕ1ӕ.Ԗ/ԕ/Օ/Ӕ0Җ/+!\Z%K:w	;}<|8m\\\\\\\\\P^`lp\Y_g\glu\\\\twx|puhl{5AT7k;}	;{-` CB @I@/Δ6ŏ)eu3,œ4}5uxz|{yZyzPvtItsIzxPQR;kvw{{|\\vtTs~inl\\ҩ\ҧ\Ѧ\Ҥ\͟\ˠ\ɞƛřřŖÖĖÕnmql8Ε9Ք,ҕ0Ȓ5-w\"{ Е2]H\n8(T;y	<}<|\r8n\\\\\\\\\\_`ecbm\\_di\\\\svqvptO\\o8j<|\n;z\'WDB>NF.͔3˕3}@tcxyIno@ryz|}yYxxOvuKtsJxwOPP:muyyy{[usSu}hnk\\Ѩ\ѧ\Ѧ\Ҧ\ϡ\ˠ\ɞŚĘĘ×ÖÖŕŕnmwvUt={\'|:LYjW45\"#B\'S;y;|	<|\r8sl|\\\\\\\\\\\R\\`w}_bdgjq[ai\\\\\y}sv{qvpuO^s8k;|\n:z$RDB =]P0͓2Ε2{5uyyzzzy|}yYuvMvwLttKwwOOO9luvrz{ZvsTv}hok\\Ҩ\Ҩ\ҧ\Ѧ\΢\̟\ʝƚę×Ø×ĖĕėqojolTC̗8w,) A\"M\r9v	<{	<}\r9up\\\\\\\\\\\{~gkv^bneiu\\\\\twsvsvrvruGVm:p<}	:{)ZDB7u^5ϒ1Е.}+lxy{|{y{zzZvwMxxNtuJwxOOO:msyv|zZvsTv}ziol\\Ѩ\Ҩ\ҧ\Ѧ\ϣ\̞ȝƛØ×××ĕŗĘÖrpsuu`7Ҕ.w-- B G\n6k	;{	<}\r;v^t\\\\\\\\\\\\\\\\\\\\\\\\\\\tvtv}turvqu<Oh\r<t<}	;|2j HB.k:ѓ1Ҕ.,\\uy{zxz|{zZxzNyzNtuJwxONO;pvxx}{[wsTv~zjpk\\Ч\Ѧ\ҧ\ҧ\У\̞ɝǛĘĘ××ƗŘėsottu`[đ>Ҕ/y7\'=C._\n;z;|<xD`\\\\\\\\\\\jn{nqrusuruprPQ_2Hg	<x<|;|9t!JA-h_:/ɓ6œ8Lvyyxt{{zxVz{N{{NuuIvvNOO:ruxy{zZvsTw}zipl\\ѧ\ϥ\Ѧ\ҧ\Ϥ\ˠɝƚĘĘĘėėƖƘŘsnrvw`L5~6b&,7A%P:x	;|<{+Mv\\\\|}kpy`eoS[hGTfBOe>Lb9I_8H^8H_9Hb9Hb9Ib:H^<G\\@L^JSbSXd\\_jdfq[bp;b;z<|;{4l GB5wpe~|Lt8ruBxzzyuyzywVy{NzyNvuKvvONO:otxy{z[vsUw|yipk\\Ѧ\Х\Ѧ\Ѧ\Σ\˟ȜŘę×××ĕĘƙÖrlpvx`as0BA:> D7q\n;}\n;};nrvwzio{QYi>L`6G_0?^\'=_9b5g\n6n\n:t9x9x\n:x	:x	;y	;z\n;z\n:y;y9x	8u5l4d 9^2S :]:n;|<|	;z,^DC ;VkZvxvrzz{{vyyx{YxyMxxNwuLwwOOO:nyyyyyZusUwzyinj\\ҧ\Х\Ѧ\Ѧ\Σ\ʟǛŘØ×ĔĕƖtkovxa7LF> ? B2h	;|	;|\n;x;e*>[\'=W#9_6h7n\r8s:u=z=~<z;v8r6l5i\Z4g5d5a6b$7c#6c\"6b 8c7d6f5g8r	9z9};{<|\n;{\n;x\n4l#OBC9^r^vwwxz{xzyyyx{YvwKxxNxvLwwOPP;pyvywwYusUvzyipi\\Ѧ\Ѧ\Ѧ\Х\΢\ˠƛĘ×ÖŗŖwknxya+0A A E4l	<|;|;|;x<y\n=w	<{;y\n8s4i)>gDKkaVo|_gghqmxouyɉ|͌|А~ԒՒԏэƉ{lRb\'x-h5SB:NEZ>Ef)9d/\\E A@C4xoxvwxzzwwwyyxyXvwKxyMxwKwwONO:nwsxxxZusVvyyhpi\\Ѧ\Ѧ\Х\ϣ\͟\ʟǜėÖŘvlowy`$- C A\"K\r9r	;;}<|<z7n!8b/:Uf[Fb.oQԖ杉좋ĉ`:Ŋ4r,Rܚ埇ޖԋ|}phcRDD03;+\"*.bvvyz{{yyzzyxyXxyNxzMxyLwwONN<owuvxyZvtUvyxhmi\\Ѧ\ҧ\Σ\΢\͟ɞɝřÕÖ×vlnwy_.A? ? C$M\r3g0j\n*\\*7Zi[kwq΍ؖ}Wu9}=]X{>r:fHn[pߨ졌{[ÑFb.է{hvwyyzxxxxuxyYwxNxyMxyKvvNON<owuuww}WvtUvxxili\\Ѧ\Х\Σ\͡\̠ɝɝŚ×ulnxz`sl8!D ?\'1E>;tpؕ颎ǔgX_>o>yP鮐쮒qQi>dFP6(=61PLHGD?2)p̍iÍ;C쵔]xwvwyywwxuxyYwxMwwMyzMuuMMM<ouuuwv{UvtUuvwgkh\\Ϥ\Х\΢\͡\˟ȜȜƚÕÖvlnwy_#*06E-)\'F;ﮏਏdE6:2*C=>50-F3&]<a@᥌橏X<qZÆu`A9zbzd}:.*~ٜy=Qۡvbtuuvwzxtwwuw{[wxNwwMyzLvwOOM;ovuuvv|VvtTuvwgkf\\Σ\Ϥ\͢\̠\˟ɝȜŘÖÔwloxzayeǓr<~3嫐U<+}ytdZzOanK<6wf\\GݠĊuΕ{ە^MY|XWk\\\D0*鰚㦄=Ő]m̋yruvxywvzvtx~\\xxOwxMxzKvvNON;mtsuvw}XvuTvvwfke\\Ϧ\ͣ\΢\͡\˟ȜțƙĖympxzbЦ쯐|7{5~SCyr\\\qXWX}na⥎뫔쭙y_CsS\\\\\\\\^G@ꬌ{=˕h}f餎Ė{puxy{yxwssw]wxOwwNxyMvwNOO;mtuttx~XutSvuveje\Ц\Ϥ\̠\̡ʞǚǚŚÕĘ×{nqxzcr͠s]B~:fW\\\\\^K|#JrZﴞ\\\\]>mU[\\\\\\|kﰒt<˔oЕ{vrtvx|yvttsv}]wxOvvOyyOxxPPP<msvtuyZusSvsudid\Х\Ϥ\͢\̠ɞǜǜęÖĘęzloy{cskym࢒]zG殛\\\\\\^T=mk\\\\\\\\\XX\l\\\\\୙n@ōmӒΓ}mtuvy{xwywuv{\\wxOwxNyxLwwONO<~oussuyZutQutueje\Х\ϣ\͢\̠ɟƝƝś×Ęęę{moy{cuʋwӒ|kӝwpG\\\w[^~\\\\\\\\[c\\\\\hGoяviuxyzzywxwvvz\\wxOwxMxxLrpLMN=~ntrtsyZvuRutueig\Υ\Ϥ\̠\̢\ɠȞƛǝĚØØśĚ{moz|drn殒\\@İ\\\\\~v\\\\\\\\\\\\\\\\\\趥w[rňvʔbuwxz{zwxwvvx[vwOvwLyxLqpJOP?}nssrrzYvuRstufkf\ϧ\Ϥ\̡\ˠʟǜŚŚę×ØØřƚśęØ}np|~fuב~ȃrלgp\\\鷣ﮓ뭓ܥ}rfi^hY{ᣆךyhəauwwx|zxxwwvvYvwOvwKyyMsrNQR@~nsqrtzZwvTtuwfkf\Ϩ\ϥ\ͤ\ˡɝƚŚŚĘÖØėÙřǛƛŚ}op~iu|jՐ}Ɗs뮖vezh}઎әޞŃm衋ˎw}plwwxz{xxxvvuu}XtwNvxLxzMuuPTT>nropuy}YwuSttvgjf\Ъ\Ϥ\ͣ\͢\ʠȜǜǜřØ×ÙŚŚƜśę}oq~ip쳜yhҎ|ɋwח~쨐륍k|hwrvvz{|zywwvtt|WsvMvwMyzMvwOTU?osrrvw}XvuSstvfjg\ѫ\Ϥ\͢\ˡ\ˠɜȝǜřÙ××ÙƛƛƛŚępr~jt஗wfāqؘ쫑쫓ᡆy`Ιzrttvx{|yywvwus|WtvNwxNyzMyyRTT>mrqqtv|WuwTrtvfjh\Ъ\ͥ\͡\̠\˟ɝŚǜřØØęĚŚĜśŚÙ~qq~kĞtaÀnԘ}ࠉ驐՚ϕ}͒z؛駐䢌ӗfvwwx{{yxwvvtr{VtuMwwNz{NyyQSU=}msssuuzUwwSprtghg\Ϫ\Υ\͢\ˠ\ʟɞƛǜŚÙØęÙĚśŜŚśÚ~rqlyyfԎ~v^؛ŋr⦌묒ԙ}ٛ٘ஐbuwvzz{zxwvwus}VtuLxxNz{NxxOSU>}msqquv{VwwSpstfhg\Ψ\Ϧ\Υ\ˢ\ʡȝƛȝęØØÙÙƞŜĚÚ~qqlsך\n͉qΌq髒Ȍr㧍뭔Γ{ŉsﱘavuwuzz{{wwvwvt~WwxMxyNyzMxxQTV?}nspqwv{VyyUottfkh\Ъ\Ш\ͤ\ʡ\ʟǝŚǛřØ×ĜĚƟěěÙpqku贗m̉vԏz⢈奎Е|ªĨ뫑橒ƌwdvxvuuzy|{xwwwvt}VxyOxyNyzMxxQTU?|msqsvtyUzzTqttgjf\Ъ\Ψ\ϧ\ͣ\ʟƞŚƚř×ÜÜěǞěÚroj֨xdяzĄp쬒䣊è¦橏ǋr㥌י~cH^vyxwwyzz||ywwwvt{VxyPxyNxyMxxRTU?|msqrutyUzzRqutgie\Ы\Щ\Ч\ͣ\ʞƛĚśřĝĜŞÚsplxݜņs몔樍۟ї|aq@szxxww{{z||ywvvvs|VvxOxxNxyLxyQTU?}msqsutyV{{Tptrfhe\Ы\Щ\Ч\Τ\ɞǜęƛĘŝŝĝÚttlxתӖՕ՗|ٝ駐ыw\囇҉v˅q꫓ʍu꩒sN|;uzyzxx{||||xwvwwr|VvxPwwNyzMyySTU?~mtrvvtyV}}Vrsrgge\Ѭ\ϩ\Ϩ\˥ɟɞǚǚÙØÞŜĜÛtwmxﳛ뮕|e՚|ݝߛziڍ~ۏӇxӉv짎ˍtsBz5yz{xyyz{z{|yvwwvt}ZuxRxyPxzMyyQST>~mtqsuu{U}~Vusthgd\Ѭ\ϫ\ͨ\˥ʠʟƝřĚÛÞßÝĝÚtxokveF꧐֙םޕ܎~܎܏杈Փ{{={6xzyxxxx{{|{xvwwxt}ZtvPwxNxyMyyQTU>murrtv}W}}Vurtihd\Ѯ\ͨ\̧\̥ʡɞƜŚśÞğßÞĞÝvypq<t3ؖ~饍Β}䚆ܐ}曆ʏr~^?<z|ywzyz{{{{xwwwxt}ZuvPwxNyzMyzQTU>murusu~W}~Vtrvjhc\Э\Ω\Ω\ͦʢȞśśŜÜÞĠĠğÞÞÚwypD9~Z\꫍奊ﯖݞƉp榌ﰔёz㝆rI̕@F{|{ywwy|||{xwxxxu|XttNvvNxyMyzQVU?nvuusv~W~}Vusuiig¿\ϭ\Ϫ\Ω\̤ʢ\ɠƞƝǜŝÛÝĞŠğğğÛxzpZƕ;v9ឆϑyﲙ窒ڜ͔zǐvǏuɑw˓yʐvǌsːyڠﲚ髑Вyӏzw;Ȕ8L||zxxy{|}|{xwxyyv|XuuNxxQvwLyyQUU>ovuvvyY}|Uvtuiih\\\Ѯ\Ъ\Ψ\˥\ʣ\ɡśƝǝŜĝĠĠĠğßÞÛy|pv50΋mښ詍ѓzǍu̒x͒yԘߡ䪑믗Ғ|pJɎ92T~|{{z{{|~~|yyzzyu|WvvOxxQxxNzzRTT>pvuvvyY|{Twttijh\\\Ӱ\Ь\ͨ\˦\ʣ\ˣƝƝȝȞƠššĠßğĠĞÝÚy|p~7̓6sD圈ۜҌtz7ҕ2/c|{zzz|}|z{|zzv}XvwPxxQyyNz{RUV?nuvwvzZ|{Tvrshih\\\Ա\Ү\Ϫ\̧\˥\ʢŝȟ\ɠȡ\ȥ\ȥŤŢĠġĠÝÚ{~pG͖5{*̈k\ߙnGΏ5ѕ..p~z{|||}~~}||||zu}XvwPwwNxyLzzQTU>nuuvt{Y|zTxstgih\\\ճ\ү\Ь\ͨ\ʣʢǟ\ɠ\ʣ\ȥ\ɧ\ɨȥšĢġĠĠÞÝ|p[Ɠ;͓0p1ڔ|桉Ɓfz5̐1#v-l|||||~}||}{yu|WttNxxOxyMzzQTU=muuuv|Y{zSytvhih\\\մ\ү\Э\ͪ\ʦʢǞ\ʢ\̨\˩\ʨ\ɩǡĠĠĠĠĠ|~o|:ѕ0)qG\Րwn;В6-h(|;h||}||~|}|ztzVssNxxPxyMzzRUU<~luttw~Z|{Szsughg\\\մ\ү\Ѯ\ͪ\ʦ\ʤ\ɢ\˥\̫\˫\ɩ\ǦơšŢĠĠßÝ}~rn9Д5Җ.|)}]ޚڔpGˊ5ҕ/{/IV\ɫ|}}|~~}||zu{XstNxxPxyNzzRUU=ltttwzW|{Sxruhge\\\շ\ҳ\Ұ\Ϋ\˧\ʧ\ʦ\̩\ͮ\̭\ʪ\ȧ\ȤŠàßĠßßÞ}~soTɓ8є+ѕ1{1zWᗃޗv^|9Ӕ0ѕ2N`k\Ȩ\Ժ\\\\\|~}}}|u|XstNyyQwxOzzRUU=lrssxzX}{Twrtifd\\\׼\շ\ұ\Ϋ\̪\ͪ\̪\ͬ\ʯ\ʭ\ʬ\ʨ\ȤƢţŢšß~}sx\͵³>z#ҕ/Җ1|-sRۖ坆ʁwN5ō<ӕ-Ɛ/ooz\\\\\\\\\\\|}}~~}u|XttNyyRvvMzzRUU?ntuvv{Y}|Swrthhe\\\ؾ\׻\ӳ\Ю\˪\έ\ͬ\ͮ\ʱ\ɮ\ʫ\ȦǣšģŢšt\\\\\\\ɮT_ Ж4Ӗ/Ж1d&hTْ䞉φsl^rTȎ=җ,.ͼw\\\\\\\\\\\\\\\~}v}YuuOyyQwxM{{SUU?ntuvvyX|{Rwsuhgd\\\\\\ؼ\ҷ\б\ͭ\ϯ\Я\Ͱ\ʲ\ȭ\ȩƥ\ȤǣšŢšß  u\˹\\\\\\\м\˯vm>̔;%є1{.zc\\N̈w颎砉ωxgV֍|vUʏ=ϖ1w3\Ģ\˯\\\\\\\\\\~|v}XuuMyyPwwN{|SVV@nvstwz~W|{Rvvuhgd\\\\\ؾ\Թ\Ѵ\в\Ѳ\Ӵ\Ͳ\ʲ\ɭ\ȩƥ\Ǥǣţ\ǤŢßààu\ͼ\\\\\̮\d<k /4}aÁt]P{lޚ垊Јx`R̉xَ|wW8ɖ4zF\\ȩû\˭\\\\~|v}XvvOyyPwwNz{RVV@pwtuw{X||Rwtuggd\\\\\\\\ּ\Ҷ\е\β\ӹ\δ\ʲ\ʮ\Ȩ\Ȧ\ȥ\Ǥ\Ǧ\ȦŢààÜÛt\\\\\\\\\ҽ\̰\ˬǺEWPǑ?rMՍ}xkeXi\\ԍ颎䚇˃uaTznא~ُ|y]a(>xU\ǿº\ˮ\ҽ\\\\\\\|v}XuvPyxPwwNzzRVU@syuvw|Y|{Rwtughb\\\\\\\\׿\ռ\Һ\з\ж\̳\ʱ\ȭ\Ȩ\ɨ\ʦ\Ȧƥƥġààás\\\\\\\ʲ\̯\˱\̯ekHrG؏~·{sfoa^Pqݖ롐頍ۓsg]QsgҊ~ڎ~ۍxfixe1}cƾú\ˮ\ʭ\ʯ\ʳ\\\|u{VvvQzyPwvL{{RWV?qxuuv~W{|Qwuvhhb\\\\\\\\\\\\\ӽ\Ϸ\˲\ʲ\˲\ɭ\Ȩ\ȧ\ʦ\ȦƥƥţĠġâÛs\\\\\\\\\\\Ǽ\ˮ\ʱ\̰~\ʭYpOِ}ڏ\~rrdsecTaVwj\rƀq\}osf^Tf[rgǃwԉ|ۍڍ~|k˷{kWrļ¸ƾ\̯\˰\˯\\\\\\|uzWwwR{{QvvK{{RWU?rutuvW{|Rvtughc\\\\\\\\\\\\\\\\\ͺ\˵\˳\ʱ\ʭ\ʫ\ɪ\˩\ʩǦƥţġŢá t\\\\͵Ƽ¶\˰}\ɱ\˯\ɬ\Ĩ\˯\\?ُ~ڍ~،wiqdsdrfh\\aUaWdZlaqgqfznَ\wiڎڎmϼyºǿ\˱\˱\Ȯ\\\\\\y}v{WwxQ|{QvwK|zRWU?psvvu}U{|Rxttfjd\\\\\\\\\\\\\\\\̼\˶\ʳ\ɰ\ʯ\ʬ\ʬ\̬\ʫ\ȨƧĤâââ¡w\\\ƪ\ħ\˰z\ɰ\˯\ʮ\˱\̱\ˮr]ُ܍܍Պzugtesfsfsfqerfqfqexk׌~َ~veڎ~ێq\Ū{ǿ\ʯ\˰\\\\~yYxxO||QvwJ{{QXW@ruywv|V||Qytviie\\\\\\\\\\\\\\\\\\Ϳ\˸\˵\˰\ʯ\ʭ\̭\ˬ\ʪ\Ȩǧä¢ģâáàz\\\\ȫ\ˮ{\ȯ\˯\ʮ\ǩ\ˮ\ʮ{ؑݍݍݍԉ{thsfrfqeqeqepewj֋}ڏ|чu\{lۏ}ڍ~˄vfSȹ\\ʮ\ϻ\~~{WwyM{|PuvI|{QXU@twxwv}X~}R|twjge\\\\\\\\\\\\\\\\\\\\̹\˶\ʳ\ɮ\ɭ\̭\̬\ɩ\ȨŦäáĤģ¡ y\ɬ\ˮù\ȯ\˯\ǭ\̮\Ĩr]ؐݎݍތݍӈ|uiqdqereqe\|o֌~ڎ}ڎ|xiՉڍ}ۍ~׌}n_k\©\ʮ\\\~{VxyM{}PuvJ{{QXV@uzvwx~X~S|twhhd\\\\\\\\\\\\\\\\\\\\ͺ\̷\ɴ\Ȯ\ɭ\ˮ\˭\ȫ\ɩƧĤáĤĥâ y\\\\ɬ\ˮ\Ȭ\˯\ū\ƨosfُݍݍݍݍݍ،~ʁqylym̃wَڏ|ێ|ڏ|raڏ~ۍ~܍ۍn`Ӎ{ií\ĩ\˱xķ\{Vy{N{|PuvJ|{QWU@u{wwyY~}R|twghd\\\\\\\\\\\\\\\\\\\\ͼ\̶\ʱ\ʰ\ɮ\ʯ\ʭ\ɬ\ɩǧŦť\Ŧ\ŧĥ¡xŶ\\\Ƭ\˯\ɫ\ǫ\˱\Ŭxm͍mbڎ܍܍܍ݍ܍ۍ~ڎ~ڍ~ڍ~܌~ێێݍԉzulڍی~ێݍІy\pَqp\æ\\\\\\\\\\\\\yWw{N{{PvvJ}{TXVAtzwvv~X|{P|txkhd\\\\\\\\\\\\\\\\\\\\\̻\̷\˴\˲\ʰ\ʱ\ʮ\Ȭ\ɩ\ȨŧŦ\ŧ\ƨĦĥäx\Ƹ\\\\˯\ʯ\Ǭ\ʯ`Pҍِrfۍۍ܍܍ݍی~ۍ~ێۍ܍~܍ێێݍvgӉzڎڍ~ێ~܍ێۍ~݌~ڎ}oiVŻ\\\\\\\\\\\xWw{N||PwvK}{RXU@u{vuw}W|{P{twkhe\\\\\\\\\\\\\\\\\\\\\̻\˶\ʲ\̴\ʰ\ʲ\ʯ\ǭ\ǫ\ȩƧĦ\ŧ\ũ\Ĩ\ŧĥx\Ǽ\\\\˭\ˮ\Ʃ\ʮtzk֌ێُՉzێ܍ݍۍێێ܍ێڎ~ۍ~ی~ڍ~ێێpaڎڎ}ڎ~܎ۍ~ی~܍ی~ی~ڎ}Ɋ|qf\\\\\\\\\\\\yXx{P}|OwvJ~{SXVAw}xvw|W|{Qzuvjge\\\\\\\\\\\\\\\\\\\\\ν\ʶ\ʳ\˳\˲\˳\˰\ǭ\ǫ\ǩƧƧ\ũ\ŭêçĦy\\\\\\\\˯\ˮ¹\ǫye׍܍ێێ܎܏~ێ}܍~܍ۍ~ۍ~܍~ێێۍ~ۍ~ڎ~ێ}̃t\}pڍێ~ێ܎ێۍ܍ۍ܍ڎ~\\\\\\\\\\\\ĳxWz{Q}}PwvJ}{Q[XCw|xx{}X}|Q{tvjhf\\\\\\\\\\\\\\\\\\\\\;\̺\ʶ\˴\̴\˳\˰\ȭ\ƪƨƧƨ\ǭ\Ư\ĭŪŦ{\\\\\\\\\\\ʮ\ʯ|k׎݌܌~܍~܎ێ~ۏ|ڏ|ۍ~܍ڎ~ڎ~ۍ~ڎ~ۏڎ~ۏڏ}ڏ|s_׍~ێێڎ~ێێۍ܍،v}\\\\\\\\\\\\\\\xzY{|R}}QxwK|{RZXBtzyz{}V}|Rzvxkig\\\\\\\\\\\\\\\\\\\\\;\ͼ\ʶ\˵\̵\˲\ʯ\ȭ\ƫũĩ\ƫ\Ȯ\ǰ\ŮĪ\Ƨ{\\\\\\\\\\\\sr؎ێ܎ێ܍܍ێۍ~ێ~ڍ~ۍ~܍~ۍ~܍ێۍ~ێ~ڎ~ڍ~։zwiۍێێۍ~ێۍ܍~׎\\\\\\\\\\\\\\\\\wyW{{Q~}QxwL}{SZXAs{xx{}V|{Qxvwkih\\\\\\\\\\\\\\\\\\\\\\\\\˾\̻\˷\ʶ\ʵ\ʲ\ʯ\Ȯ\ƮīŪ\ȭ\ɯ\ǳ\İ\Ĭ\Ũz\\\\\\\\\\\\w܎ۍڎڏێ݌ۍۍ~܍ۍ~ڍ~ۍ~ݍ܍ۍ~ێڎ~܎ۍ~ڎulՍ܍ۏۏڍ~ڎ~َ~ҍo\\\\\\\\\\\\\\\\{Y||S~}QwvK}{SXV@s{yyz}V}{Qxtvjgbj|\\\\\\\\\\\\\\\\\\\\\\\\\̿\˻\˸\˷\˶\ʴ\ʱ\ʯ\Ǯŭ\ǯ\ɱ\ȴ\ƴ\ıî\Ī{\\\\\\\\\\\\\\\\\\{׎ڐُۏ܍܌ی~ݍۏ܍ݍތۍ~܍ێ܎܍ۏ׍}yhڏڍ~ۍ~ڍ}ڏɇy\\\\\\\Ž\\\\\\\t{[|{S}~RxvK}{TWU@u}yy|U~}Puqthefefgip|\\\\\\\\\\\\\\\\\\\̾\˻\ʸ\˷\˷\˳\ʲ\ɰ\ȯ\Ȱ\ɰ\Ȳ\ƴ\ŵ\òîëy\\\\\\\\\\\\\\\\\B\hDfJ\q[ֈwۍۍ~ۏۏ~ۏ܏܍ێۍ~ۏێ܍ۏڍ~ڎڏڍ~؍ʈywʭ\\\\\\\\\\\\\ͻwf}\\|{R}|QxvK}|TXVAw}yy{~T~}Pnoqbh|b___`ac\\\\\\\\\\\\\\\\\\\\\˻\˸\˸\̸\ʳ\ʲ\ɰ\ɰ\ɲ\ɰ\Ǳ\ƴ\Ŷ\ó®ëw\\\\\\\\\ʦ|Cz8|8\t6\e2iIՈt܍ۍ}ڏ~َ~َ~؍|ՌzӊyՌ|ڍڎڌ~ՍЍɉ\\\\\\\\\\\\\\\\ɾ\̻\\μN\\]2J\\{Z{|P~}QxvK~}TXVAx}}|}VP}|Vi|rr~yj|}e}eb^~^\\\\\\\\\\\\\\\\\\\\\\ͽ\˹\̹\ʷ\ɵ\ȴ\ȳ\ɴ\ɴ\ǲ\ǳ\ƶ\Ķ\Ĵðĭy\\\\\\\\\\\\̆g|:z4y6z5z6w8\f=hZqeiRiH\i@\k;\i6\g4\h7\eBr]uĬʾ\\\\\\\\\\\\\\\\\\\\̶?LY9k@_mzZ}}R}RwvJ}TZXBy}|y|XRSTT\\fqwy}m|}h~\\\\\\\\\\\\\\\\\\\\\\ν\̻\̹\˷\ɵ\ɵ\ɵ\ʶ\ʶ\Ƴ\ƴ\Ŷ\ĶĴ\ñ\ĭ{\\\\\\\\\\\\\\\\yJ{7{7z6z6y6y6\t:m[Q9{F{9z7z5z3z2{4{8gA\\\\\\\\\\\\\\\\\\\\±\\\\\ǵ\ī0<:o;k|[~}QQwvH}SYW?u|{wus~W|TVSQRSST\\hq\\\\\\\\\\\\\\\\\\\\\\ͽ\ͼ\̻\̺\ʶ\ʶ\ʶ\ʶ\ɵ\Ƴ\Ƴ\ĵ\Ķóð\Į{\\\\\\\\\\\\Ĺ\zF{7z6y6z6z6z5\n5qRz8z6z6z6y6x6y6z7\yL\\\\\\\\\\\\\\\\\\\\\\\\\\\\ȷ\\\\ū%A;s:t-I\\|X}~NPyxL~}TXW?szuqqoktT\\aDklMyyRXVTRSTS\\\\\\\\\\\\\\\\\\\\\\ο\ͼ\̻\̻\̺\ʸ\ʹ\ʷ\Ǵ\Ƴ\ųĶ\Ĺµ\Ĳ\Ű|Td[\\\\\\Ͻ\ƾ\\\\\ͭ~C{7z6z6z6z6{6d5sOz8z6{7z6y6y6x6z7ЁU\\\\\\\\\\\\\\\\\\\\\\\\͹\͵\˱q 3A)S;u	;z/g2Maoz[|NPyxK~UXYAtysqqqsnq}`clO\\bG`eFmqM|SVUS\\\\\\\\\\\\\\\\\\\\\\\\ν\̻\ͼ\ͻ\˺\ʹ\ʸ\ƴ\Ƴĳ\ķ\ĺø\Ŵ\űzq}8S\\\\\\\м\Ļ\\\ƽ\\Ș}>{6z6y6z6z6z7\vOx}\mGy7y6z6y6x6y6y6z8؏f\\\\\\\\\\\\\\\\\\\\\\\\ϼ\˰\Ȱ(4: ?	0a	;x;|9w\n;q)GVuzV~OxyJ~SXYBrzutsrstttrzggsYZdKW^C_cHqqM\\\\\\\\\\\\\\\\\\\\\\\\ν\̻\ͼ\̻\˺\˺\ʹ\Ǵ\Ǵ\Ŵ\Ÿ\ĺ\ĸĳ\Ų{Be9j\\\\\\\\\¼\\\\\\\\\Ňf|;{7z6y6z6z6z7g?\uFy7y6z6z6y6y6y6{8ߞz\\\\\\\\\\\\\\\\\\\\\ѽ\̰!2%K\n:s;{;{;|<z9q9NU{}WyzL~SWYBqvttttstssrotq{lqcdkP\\\\\\\\\\\\\\\\\\\\\\\\\ο\ͼ\ͼ\̺\̺\˺\ʹ\ɶ\Ǵ\Ŵ\Ÿ\Ż\Ĺ\ĵ\Ŵz1Mg\n=y9s\\\\\\\\\\\\\\\\\\}V{8z6z6x6y6z6{6d8u\zEz6z6z6z7z6y6y6{:ۡ\\\\\\\\\\\\\\\\\\\\л\"17\"C3c	;z\n;};|<|9w9y8iS__vwMSWY@purstrtttssqusqqt\\\\\\\\\\\\\\\\\\\\\\\\\̾\̽\̽\˼\˼\ʻ\ʹ\ɶ\ȶ\Ƶ\ƹ\Ƽ\ĺ\ĵ\ĳ|5Ma:t	<~<zNh\\\\\\\\\\\\\\\\\\tMz7y6y6y6z6z6}:chZ\|E{5z6z6z6z6z6y6}<ң\\\\\\\\\\\\\\\\\\\ж(11=-\\\n<v<|	;|9uE\\z*Bh+9Q`XAmbAWV?nvtuuuuvutrpuutsq\\\\\\\\\\\\\\\\\\\\\\\\\˾\˽\˽\˽\˽\ɻ\ʹ\ɷ\Ƕ\Ƶ\Ÿ\Ƽ\Ż\ŷôG]f;n	<~\n<~	<|:p\\\þ\\\\\\\\\\\\\\\sEx7z6z6z6z6z6|;T@k]}A{5z6z6y6z6z6z6};թ\\\\\\\\\\\\\\\\\\\ͳhn`:)T\n;t<{<}\n;zB[KGObK;rP8TD1qxuuvwvuwwwrxvvut\\\\\\\\\\\\\\\\\\\\\\\\\\\̿\˾\ʽ\ʼ\ɻ\ʹ\ʷ\ȵ\ȶ\ƺ\ƾ\Ļ\ĸôcsm:i<|	<~	<}	;|:w\Z1Ry\\\\\\\ʿ\\\\\\\sBy7z6y6z6z6y6|;xf`N|A{5z6z6y6z6z6z6|<ۯ\\\\\\\\\\\\\\\\\\\~{$5\'Q9o	;|:z;|7n\\õbJ@zUBfK3h|xvyzyxyxyx}{yz{\\\\\\\\\\\\\\\\\\\\\\\\\\\\\\˿\ʿ\ʿ\ʼ\˺\ɸ\ȶ\ȶ\ǻ\Ǿ\Ļ\ùõsz<`\n<|	<~	<};};|	<|1f9\\\\\\\õ\\\\\\\rBz7z6y6z6z6y6\z9lZoZ|=z6z6z6z6z6z6z6{=ݴ\\\\\\\\\\\\\\\\\\\4AI	 7\"I5k	;{:rNdz!0I5Ea\\½~irtR@xS<{sRzx}~{{z|{\\\\\\\\\\\\\\\\\\\\\\\\\\\\ʿ\ʾ\\\\\˽\ʻ\ȸ\ɸ\ȹ\Ȼ\Ⱦ\ż\·ö@\\\n<y	<}	<}	<};|	<}<|\n9w\'T,7O\\\\\\\\\\\\\\\\sCz7z6y6z6z6z6\w9{nze{;z6z6z6z6z6z6z6{>ݷ\\\\\\\\\\\\\\\fp{ ;!I3i\n;{	9y/N`L>vS>mWI\ĳĵ\\\nRM}UAlV7|~|}|}\\\\\\\\\\\\\\\\\\\\\\\\\\\\\\ʾ\\\\\˾\Ⱥ\ƹ\ɺ\ɻ\ɽ\ǿ\ž·6Ri=w	<}	<}	<}	<}	<};|<{<{\n6pEW`u\\\\ȿ\\\\\\\uEy7z6y6z6z6z6\u:~bK|;z6z6z6z6z6y6y6|>㽣\\\\\ż\\\\\\\\\(4?1!F	1e;y\n;{6n63>zTC~S>zUB}\¹üyd]vO=wS9a~~~}~\\\\\\\\\\\\\\\\\\\\\\\\\\\\\\\\\\\\\˿\Ȼ\ǹ\ƹ\ǻ\ɽ\\\ľReq;p\n<}	<}	<}	<};|	<};|<{;{	:|2k<3AP\\\\\\\uFz7z6z6z6z6{7\r8xokT|;z6z6z6y6z6z6y6|?ມ\\\\\\\\\\\\\\\\!03 D	/a;z;|	:{	,]3+/xSA~S>zU?nd\\̽}y\\uUE}T=q^?~~\\\\\\\\\\\\\\\\\\\\\\\\\\\\\\\\\\\\\\\\\\ɽ\ȼ\ȼ\ȼ\ɽ\Ǿ\Ž9g\n<}	<}<|	<}	<};|	<};|;|;|;|\n:y,]7\\\\\\yJ{6{6z6z6z6y6\q7}yf|;z6y6z6z6z6z6y6{>ױ\\\\\\\\\\\\\\\\\\ox!8\Z5A	-]:w;|;|;|	2c(%.iH9~T>}U=dS\\½\»siTxQ@sQ8s}}~\\\\\\\\\\\\\\\\\\\\\\\\\\\\\\\\\\\\\\\\ʿ\ɾ\ɾ\ʾ\Ƚ\ɾ\\ Bd\n={	<}	<}	<}	<}	<}	<}	<};|	<}	;|	;}	;|:u%P!7Q\\\\\\zNz8z7z6y6z6z6\s:wfV{<z7y6z6z6z6z6y6|?խ\\\\\\\\\\\\):	:\Z9B.\\9u;|;|;|;|\n9s#;T<0~T>S>sP<°\¼\¼ɹ|zymOAsO9wiJ~\\\\\\\\\\\\\\\\\\\\\\\\\\\\\\\\\\\\\\\\\\ɽ\ɾ\ɾ\Ƚ\Ⱦ\\Vj|:v	=}	<}	<};|	<}	<}	<}	<}	<}	<}<|	<}\n;}	<|2l+Z+H\˅`{9z7x6x6x6y6\u<vp]{={5z6z6y6z6z6y6|?Ԫ\\\\\\\\\\\&6F @\Z: D\n1b\r:w	;|;|;|;|<|<y*M@/,{S?S={S?ƺ\½lWJU:,`I3|\\\\\\\\\\\\\\\\\\\\\\\\\\\\\\\\\\\\\\\\\\Ⱦ\ɾ\\\ɽ\Ƽ=i\n<|	=|	<}	<}	<}	<}	<}	<}	<}	<}	<}	<};|	;|<|\n;y1l	0c0C^\\\\ϙz{9z6y6y6y6y6\u<}k}>{5z5z6z6z6z6z6{>Ԧ\\\\\\\"2H>:\"H5k;y	:|;|;|;|;|;|<|4d/)0lJ:S?~S?eUy\·ymg^E1lM6^\\\\\\\\\\\\\\\\\\\\\\\\\\\\\\\\\\\\\\\\\\\\\\\\\\\ɾaw<u\n;}	<}	<}	<}	<}	<}	<}	<}	<}	<}	<}	<}	;};|	<}\n<|8v\n:x1dJ]u\\\լ}<z5y6z6z6z7\v=sjcR~>{5z6z6z6z6z6z6|9Ҟ\\\\\\\\\\\\\x}\"6 ?><%N7p\n:{;|;|;|;|;|;|;|;|9u \'=Y<3~SBR@vT>sȸ}vȼkRB}UAs`C\\\\\\\\\\\\\\\\\\\\\\\\\\\\\\\\\\\\\\\\\\\\\\\\\\\\\ſ/Ll<|\n;~	<}	<};|	<}\n;}	<}	<}	<}	<}	<}	<}	<}\n;}	;}	<}	;}	;}<{0e)@\\j^Z\xEy6z6z5{5z7|<scmUFCz6z6z6z6z6z6{6|9ˎm\\\\\\ǯ,9\r!6< A C\"M	.`\r8t\n;|	;|;|	<};|;|;|	;|	;|	:|;{+PD/-|QAS?qJ0mUO˻ze[}SApQ7y\\\\\\\\\\\\\\\\\\\\\\\\\\\\\\\\\\\\\\\\\\\\\\\\\\\\\:f<~\n<~	<}	<}	<}	<}\n;}	<}	<}	<}	<}	<}	<}\n;}	<}\n;}	<}	<}	;}\n;}<{0d7?!r5z8z5z3y6}B}TMzp\~Cz6z7y6z6z6z6z6y7{T\\\\\\\ŹX^T&.7%7<= ? E%N\n._\r7s	;{\n;	<~\n;};|	<};|	<};|\n;}\n;}\n:|	;|4c1*1hK>{S?sY>dTPtwSE~UCvax',0,0,0,'dsadsa','dsadsa','',0,1,'','34223432',0,1,1);
/*!40000 ALTER TABLE `aluno` ENABLE KEYS */;
UNLOCK TABLES;

--
-- Table structure for table `aluno_notasfaltas`
--

DROP TABLE IF EXISTS `aluno_notasfaltas`;
/*!40101 SET @saved_cs_client     = @@character_set_client */;
/*!40101 SET character_set_client = utf8 */;
CREATE TABLE `aluno_notasfaltas` (
  `Aluno_ID` int(11) NOT NULL,
  `notasFaltas_ID` int(11) NOT NULL,
  PRIMARY KEY (`Aluno_ID`,`notasFaltas_ID`),
  KEY `FK_ALUNO_NOTASFALTAS_notasFaltas_ID` (`notasFaltas_ID`),
  CONSTRAINT `FK_ALUNO_NOTASFALTAS_Aluno_ID` FOREIGN KEY (`Aluno_ID`) REFERENCES `pessoa` (`ID`),
  CONSTRAINT `FK_ALUNO_NOTASFALTAS_notasFaltas_ID` FOREIGN KEY (`notasFaltas_ID`) REFERENCES `notasfaltas` (`ID`)
) ENGINE=InnoDB DEFAULT CHARSET=latin1;
/*!40101 SET character_set_client = @saved_cs_client */;

--
-- Dumping data for table `aluno_notasfaltas`
--

LOCK TABLES `aluno_notasfaltas` WRITE;
/*!40000 ALTER TABLE `aluno_notasfaltas` DISABLE KEYS */;
INSERT INTO `aluno_notasfaltas` VALUES (122,1),(122,2),(122,3),(122,4),(122,5),(122,6),(122,7),(122,8),(123,9),(123,10),(123,11),(123,12),(123,13),(123,14),(123,15),(123,16);
/*!40000 ALTER TABLE `aluno_notasfaltas` ENABLE KEYS */;
UNLOCK TABLES;

--
-- Table structure for table `certificado`
--

DROP TABLE IF EXISTS `certificado`;
/*!40101 SET @saved_cs_client     = @@character_set_client */;
/*!40101 SET character_set_client = utf8 */;
CREATE TABLE `certificado` (
  `ID` int(11) NOT NULL AUTO_INCREMENT,
  `DATACURSO` date DEFAULT NULL,
  `INSTITUICAO` varchar(255) DEFAULT NULL,
  `NOMECURSO` varchar(255) DEFAULT NULL,
  `PONTOS` int(11) DEFAULT NULL,
  `PROFESSOR_ID` int(11) DEFAULT NULL,
  PRIMARY KEY (`ID`),
  KEY `FK_CERTIFICADO_PROFESSOR_ID` (`PROFESSOR_ID`),
  CONSTRAINT `FK_CERTIFICADO_PROFESSOR_ID` FOREIGN KEY (`PROFESSOR_ID`) REFERENCES `pessoa` (`ID`)
) ENGINE=InnoDB DEFAULT CHARSET=latin1;
/*!40101 SET character_set_client = @saved_cs_client */;

--
-- Dumping data for table `certificado`
--

LOCK TABLES `certificado` WRITE;
/*!40000 ALTER TABLE `certificado` DISABLE KEYS */;
/*!40000 ALTER TABLE `certificado` ENABLE KEYS */;
UNLOCK TABLES;

--
-- Table structure for table `escola`
--

DROP TABLE IF EXISTS `escola`;
/*!40101 SET @saved_cs_client     = @@character_set_client */;
/*!40101 SET character_set_client = utf8 */;
CREATE TABLE `escola` (
  `ID` int(11) NOT NULL AUTO_INCREMENT,
  `BAIRRO` varchar(255) DEFAULT NULL,
  `ENDERECO` varchar(255) DEFAULT NULL,
  `NOME` varchar(255) DEFAULT NULL,
  PRIMARY KEY (`ID`)
) ENGINE=InnoDB AUTO_INCREMENT=2 DEFAULT CHARSET=latin1;
/*!40101 SET character_set_client = @saved_cs_client */;

--
-- Dumping data for table `escola`
--

LOCK TABLES `escola` WRITE;
/*!40000 ALTER TABLE `escola` DISABLE KEYS */;
INSERT INTO `escola` VALUES (1,'Baiasd','Rua','EMEB Suleide');
/*!40000 ALTER TABLE `escola` ENABLE KEYS */;
UNLOCK TABLES;

--
-- Table structure for table `escola_telefone`
--

DROP TABLE IF EXISTS `escola_telefone`;
/*!40101 SET @saved_cs_client     = @@character_set_client */;
/*!40101 SET character_set_client = utf8 */;
CREATE TABLE `escola_telefone` (
  `Escola_ID` int(11) NOT NULL,
  `telefones_ID` int(11) NOT NULL,
  PRIMARY KEY (`Escola_ID`,`telefones_ID`),
  KEY `FK_ESCOLA_TELEFONE_telefones_ID` (`telefones_ID`),
  CONSTRAINT `FK_ESCOLA_TELEFONE_Escola_ID` FOREIGN KEY (`Escola_ID`) REFERENCES `escola` (`ID`),
  CONSTRAINT `FK_ESCOLA_TELEFONE_telefones_ID` FOREIGN KEY (`telefones_ID`) REFERENCES `telefone` (`ID`)
) ENGINE=InnoDB DEFAULT CHARSET=latin1;
/*!40101 SET character_set_client = @saved_cs_client */;

--
-- Dumping data for table `escola_telefone`
--

LOCK TABLES `escola_telefone` WRITE;
/*!40000 ALTER TABLE `escola_telefone` DISABLE KEYS */;
INSERT INTO `escola_telefone` VALUES (1,1);
/*!40000 ALTER TABLE `escola_telefone` ENABLE KEYS */;
UNLOCK TABLES;

--
-- Table structure for table `funcionario`
--

DROP TABLE IF EXISTS `funcionario`;
/*!40101 SET @saved_cs_client     = @@character_set_client */;
/*!40101 SET character_set_client = utf8 */;
CREATE TABLE `funcionario` (
  `ID` int(11) NOT NULL,
  `ACESSO` int(11) DEFAULT NULL,
  `CARGO` varchar(255) DEFAULT NULL,
  `CPF` varchar(15) DEFAULT NULL,
  `dataAdmissao` date NOT NULL,
  `POSSUIDEFICIENCIA` tinyint(1) DEFAULT '0',
  `SENHA` varchar(255) DEFAULT NULL,
  `USRNAME` varchar(255) DEFAULT NULL,
  PRIMARY KEY (`ID`),
  CONSTRAINT `FK_FUNCIONARIO_ID` FOREIGN KEY (`ID`) REFERENCES `pessoa` (`ID`)
) ENGINE=InnoDB DEFAULT CHARSET=latin1;
/*!40101 SET character_set_client = @saved_cs_client */;

--
-- Dumping data for table `funcionario`
--

LOCK TABLES `funcionario` WRITE;
/*!40000 ALTER TABLE `funcionario` DISABLE KEYS */;
INSERT INTO `funcionario` VALUES (1,0,'Errado','458.872.588-29','2011-11-11',0,'ped','ped'),(12,0,'Professor PEB I','218.362.340-31','2011-11-11',0,'p2','p2'),(56,0,'Professor PEB I','192.393.350-72','2011-11-11',0,'p1','p1'),(57,0,'Professor PEB I','812.547.380-70','2011-11-11',0,'p3','p3'),(58,0,'Professor PEB I','929.707.120-16','2011-11-11',0,'p4','p4'),(59,0,'Professor PEB II','429.605.100-89','2011-11-11',0,'pa','pa'),(60,0,'Professor PEB II','359.509.848-03','2011-11-11',0,'pingles','pingles'),(85,3,'Desenvolvedor','418.000.698-71','2012-07-02',0,'dev','dev'),(96,0,'Professor PEB II','436.598.858-19','2012-11-11',0,'antonio','antCarlos'),(97,0,'Professor PEB II','482.935.978-10','2011-11-11',0,'laug','laug'),(98,0,'Professor PEB II','434.846.898-20','2011-11-11',0,'jben','jben'),(100,0,'Assistente Administrativo','742.361.838-11','2011-11-11',0,'',''),(101,0,'Professor PEB I','634.403.418-10','2011-11-11',0,'lucca','lucca'),(102,0,'Agente Administrativo','272.643.558-02','2011-11-11',0,'jairm','jairm'),(103,1,'Professor PEB II','936.267.418-18','2000-01-12',0,'gaara','GAARA'),(104,1,'Agente administrativo','808.269.188-32','2011-11-11',0,'josias','josias'),(105,0,'Professor PEB II','455.667.788-28','2006-06-06',0,'ped2','ped2'),(106,0,'Professor PEB I','890.203.498-48','2007-06-12',0,'jon','jon'),(108,0,'Professor PEB I','886.460.978-46','1999-06-14',0,'lauro','lauro'),(110,0,'Professor PEB II','543.725.268-49','2007-07-01',0,'marcos','marcos'),(111,0,'Agente Administrativo','161.258.748-85','2008-12-01',0,'jennifer','jennifer'),(112,1,'Agente administrativo','056.233.798-93','1998-04-11',0,'carminha','carminha'),(121,0,'ADI','898.289.590-62','2018-11-12',0,'','');
/*!40000 ALTER TABLE `funcionario` ENABLE KEYS */;
UNLOCK TABLES;

--
-- Table structure for table `notasfaltas`
--

DROP TABLE IF EXISTS `notasfaltas`;
/*!40101 SET @saved_cs_client     = @@character_set_client */;
/*!40101 SET character_set_client = utf8 */;
CREATE TABLE `notasfaltas` (
  `ID` int(11) NOT NULL AUTO_INCREMENT,
  `ANO` varchar(255) DEFAULT NULL,
  `FALTAS` varchar(255) DEFAULT NULL,
  `MATERIA` varchar(255) DEFAULT NULL,
  `NOTA1` varchar(255) DEFAULT NULL,
  `NOTA2` varchar(255) DEFAULT NULL,
  `NOTA3` varchar(255) DEFAULT NULL,
  `NOTA4` varchar(255) DEFAULT NULL,
  `SITUACAO` varchar(255) DEFAULT NULL,
  `ALUNO_ID` int(11) DEFAULT NULL,
  PRIMARY KEY (`ID`),
  KEY `FK_NOTASFALTAS_ALUNO_ID` (`ALUNO_ID`),
  CONSTRAINT `FK_NOTASFALTAS_ALUNO_ID` FOREIGN KEY (`ALUNO_ID`) REFERENCES `pessoa` (`ID`)
) ENGINE=InnoDB AUTO_INCREMENT=17 DEFAULT CHARSET=latin1;
/*!40101 SET character_set_client = @saved_cs_client */;

--
-- Dumping data for table `notasfaltas`
--

LOCK TABLES `notasfaltas` WRITE;
/*!40000 ALTER TABLE `notasfaltas` DISABLE KEYS */;
INSERT INTO `notasfaltas` VALUES (1,'2018',NULL,'Matemática',NULL,NULL,NULL,NULL,'Reprovado',NULL),(2,'2018',NULL,'Inglês',NULL,NULL,NULL,NULL,'Reprovado',NULL),(3,'2018',NULL,'História',NULL,NULL,NULL,NULL,'Reprovado',NULL),(4,'2018',NULL,'Artes',NULL,NULL,NULL,NULL,'Reprovado',NULL),(5,'2018',NULL,'Educação Física',NULL,NULL,NULL,NULL,'Reprovado',NULL),(6,'2018',NULL,'Geografia',NULL,NULL,NULL,NULL,'Reprovado',NULL),(7,'2018',NULL,'Ciências',NULL,NULL,NULL,NULL,'Reprovado',NULL),(8,'2018',NULL,'Português',NULL,NULL,NULL,NULL,'Reprovado',NULL),(9,'2018',NULL,'Matemática',NULL,NULL,NULL,NULL,'Reprovado',NULL),(10,'2018',NULL,'Geografia',NULL,NULL,NULL,NULL,'Reprovado',NULL),(11,'2018',NULL,'Educação Física',NULL,NULL,NULL,NULL,'Reprovado',NULL),(12,'2018',NULL,'Português',NULL,NULL,NULL,NULL,'Reprovado',NULL),(13,'2018',NULL,'Artes',NULL,NULL,NULL,NULL,'Reprovado',NULL),(14,'2018',NULL,'Inglês',NULL,NULL,NULL,NULL,'Reprovado',NULL),(15,'2018',NULL,'História',NULL,NULL,NULL,NULL,'Reprovado',NULL),(16,'2018',NULL,'Ciências',NULL,NULL,NULL,NULL,'Reprovado',NULL);
/*!40000 ALTER TABLE `notasfaltas` ENABLE KEYS */;
UNLOCK TABLES;

--
-- Table structure for table `outrocargo`
--

DROP TABLE IF EXISTS `outrocargo`;
/*!40101 SET @saved_cs_client     = @@character_set_client */;
/*!40101 SET character_set_client = utf8 */;
CREATE TABLE `outrocargo` (
  `ID` int(11) NOT NULL,
  `escola_id` int(11) DEFAULT NULL,
  PRIMARY KEY (`ID`),
  KEY `FK_OUTROCARGO_escola_id` (`escola_id`),
  CONSTRAINT `FK_OUTROCARGO_ID` FOREIGN KEY (`ID`) REFERENCES `pessoa` (`ID`),
  CONSTRAINT `FK_OUTROCARGO_escola_id` FOREIGN KEY (`escola_id`) REFERENCES `escola` (`ID`)
) ENGINE=InnoDB DEFAULT CHARSET=latin1;
/*!40101 SET character_set_client = @saved_cs_client */;

--
-- Dumping data for table `outrocargo`
--

LOCK TABLES `outrocargo` WRITE;
/*!40000 ALTER TABLE `outrocargo` DISABLE KEYS */;
INSERT INTO `outrocargo` VALUES (102,NULL),(104,NULL),(111,NULL),(1,1),(85,1),(100,1),(112,1),(121,1);
/*!40000 ALTER TABLE `outrocargo` ENABLE KEYS */;
UNLOCK TABLES;

--
-- Table structure for table `pessoa`
--

DROP TABLE IF EXISTS `pessoa`;
/*!40101 SET @saved_cs_client     = @@character_set_client */;
/*!40101 SET character_set_client = utf8 */;
CREATE TABLE `pessoa` (
  `ID` int(11) NOT NULL AUTO_INCREMENT,
  `tipo` varchar(31) DEFAULT NULL,
  `BAIRRO` varchar(255) DEFAULT NULL,
  `CEP` varchar(255) DEFAULT NULL,
  `CIDADE` varchar(255) NOT NULL,
  `DATANASC` date DEFAULT NULL,
  `ENDERECO` varchar(255) DEFAULT NULL,
  `GENERO` varchar(255) DEFAULT NULL,
  `NOME` varchar(255) NOT NULL,
  `OBSERVACOES` varchar(255) DEFAULT NULL,
  `ativo` tinyint(1) NOT NULL,
  PRIMARY KEY (`ID`)
) ENGINE=InnoDB AUTO_INCREMENT=124 DEFAULT CHARSET=latin1;
/*!40101 SET character_set_client = @saved_cs_client */;

--
-- Dumping data for table `pessoa`
--

LOCK TABLES `pessoa` WRITE;
/*!40000 ALTER TABLE `pessoa` DISABLE KEYS */;
INSERT INTO `pessoa` VALUES (1,'OutroCargo','b','11111-111','c','1998-11-12','rua','Masculino','Prof Educação Física','',0),(12,'ProfessorPebI','bairro tal','11333-333','Avaré','1976-11-07','Rua tal','Feminino','Professor PEB I 2','',1),(56,'ProfessorPebI','Bairro tal','21283-223','Avaré','1966-05-04','Rua tal','Feminino','Professor PEB I 1','',1),(57,'ProfessorPebI','Bairro tal','18503-333','Avaré','1981-01-01','Rua tal','Feminino','Professor PEB I 3','',1),(58,'ProfessorPebI','Asadas','18607-544','Avaré','1991-04-14','dasads','Feminino','Professor PEB I 4','',1),(59,'ProfessorPebII','Bairro bairro','18454-334','Avaré','1956-04-12','Rua rua ','Masculino','Prof Artes 1','',1),(60,'ProfessorPebII','','','','2010-10-10','','Feminino','Prof Inglês','',1),(85,'OutroCargo','Brabancia II','18703-530','Avaré','1993-08-30','R João Leonor de Camargo, 1076','Masculino','Davi Evangelista da Silva','',1),(96,'ProfessorPebII','Bairro Tal','18703-640','Avaré','1965-05-05','Rua  Tal','Masculino','Antonio Carlos','',1),(97,'ProfessorPebII','B','12121-212','C','1996-04-26','R','Masculino','Luiz Augusto','',1),(98,'ProfessorPebII','B','11111-111','C','1988-11-11','R','Feminino','Jurandira Benedito','',1),(100,'OutroCargo','B','12222-222','C','1992-12-12','R','Masculino','Casemiro Ruy Barbosa','',1),(101,'ProfessorPebI','B','11111-111','Avaré','1955-01-01','R','Masculino','Lucca Borges','',1),(102,'OutroCargo','B','11111-111','C','1958-10-28','R','Masculino','Jair Messias','',1),(103,'ProfessorPebII','Bairro estranho','18111-111','Vila da Areia','1976-10-10','Rua estranha','Masculino','Gaara Sabakuno','',1),(104,'OutroCargo','BB','23333-333','CC','1974-12-12','RR','Masculino','Josias Nascimento Pinto','',1),(105,'ProfessorPebII','Bairro Santos Agostinho','18555-444','Avaré','1993-09-08','Rua Santo Agostinho','Feminino','Prof Educação Física II','',1),(106,'ProfessorPebI','Brabancia II','18703-490','Avaré','1959-05-11','Rua Heitor de Barros, 1032','Feminino','Jonathas','',1),(108,'ProfessorPebI','Brabancia','18704-343','Avaré','1980-04-14','Rua Camilo Garcia, 3232','Masculino','Lauro Jardins da Silva Pereira','',0),(110,'ProfessorPebII','Jardim Cabide','13131-043','Óleo','1992-08-30','Rua Larga, 989','Masculino','Marcos Benedito','',1),(111,'OutroCargo','Jardim Paineiras','18503-322','Avaré','1974-04-22','Rua Caída, 202','Feminino','Jennifer Cristina da Costa','',1),(112,'OutroCargo','Bairro bairro','18593-333','Avaré','1988-04-14','Rua rua','Feminino','Carminha Romerilda','',1),(121,'OutroCargo','Itaquera','11122-121','São Paulo','1993-09-11','Rua Itaquera','Masculino','Matheus Mathias','',1),(122,'Aluno','sdasda','11111-111','Avaré','2011-11-11','dsadsa','Masculino','Kakashi Sensei','',1),(123,'Aluno','dassad','32321-321','Avaré','2010-10-10','dsdsa','Masculino','sdasadas','',1);
/*!40000 ALTER TABLE `pessoa` ENABLE KEYS */;
UNLOCK TABLES;

--
-- Table structure for table `pessoa_telefone`
--

DROP TABLE IF EXISTS `pessoa_telefone`;
/*!40101 SET @saved_cs_client     = @@character_set_client */;
/*!40101 SET character_set_client = utf8 */;
CREATE TABLE `pessoa_telefone` (
  `Pessoa_ID` int(11) NOT NULL,
  `telefones_ID` int(11) NOT NULL,
  PRIMARY KEY (`Pessoa_ID`,`telefones_ID`),
  KEY `FK_PESSOA_TELEFONE_telefones_ID` (`telefones_ID`),
  CONSTRAINT `FK_PESSOA_TELEFONE_Pessoa_ID` FOREIGN KEY (`Pessoa_ID`) REFERENCES `pessoa` (`ID`),
  CONSTRAINT `FK_PESSOA_TELEFONE_telefones_ID` FOREIGN KEY (`telefones_ID`) REFERENCES `telefone` (`ID`)
) ENGINE=InnoDB DEFAULT CHARSET=latin1;
/*!40101 SET character_set_client = @saved_cs_client */;

--
-- Dumping data for table `pessoa_telefone`
--

LOCK TABLES `pessoa_telefone` WRITE;
/*!40000 ALTER TABLE `pessoa_telefone` DISABLE KEYS */;
/*!40000 ALTER TABLE `pessoa_telefone` ENABLE KEYS */;
UNLOCK TABLES;

--
-- Table structure for table `professor`
--

DROP TABLE IF EXISTS `professor`;
/*!40101 SET @saved_cs_client     = @@character_set_client */;
/*!40101 SET character_set_client = utf8 */;
CREATE TABLE `professor` (
  `ID` int(11) NOT NULL,
  `PONTOS` int(11) DEFAULT NULL,
  PRIMARY KEY (`ID`),
  CONSTRAINT `FK_PROFESSOR_ID` FOREIGN KEY (`ID`) REFERENCES `pessoa` (`ID`)
) ENGINE=InnoDB DEFAULT CHARSET=latin1;
/*!40101 SET character_set_client = @saved_cs_client */;

--
-- Dumping data for table `professor`
--

LOCK TABLES `professor` WRITE;
/*!40000 ALTER TABLE `professor` DISABLE KEYS */;
/*!40000 ALTER TABLE `professor` ENABLE KEYS */;
UNLOCK TABLES;

--
-- Table structure for table `professor_escola`
--

DROP TABLE IF EXISTS `professor_escola`;
/*!40101 SET @saved_cs_client     = @@character_set_client */;
/*!40101 SET character_set_client = utf8 */;
CREATE TABLE `professor_escola` (
  `escola_ID` int(11) NOT NULL,
  `professor_ID` int(11) NOT NULL,
  PRIMARY KEY (`escola_ID`,`professor_ID`),
  KEY `FK_PROFESSOR_ESCOLA_professor_ID` (`professor_ID`),
  CONSTRAINT `FK_PROFESSOR_ESCOLA_escola_ID` FOREIGN KEY (`escola_ID`) REFERENCES `escola` (`ID`),
  CONSTRAINT `FK_PROFESSOR_ESCOLA_professor_ID` FOREIGN KEY (`professor_ID`) REFERENCES `pessoa` (`ID`)
) ENGINE=InnoDB DEFAULT CHARSET=latin1;
/*!40101 SET character_set_client = @saved_cs_client */;

--
-- Dumping data for table `professor_escola`
--

LOCK TABLES `professor_escola` WRITE;
/*!40000 ALTER TABLE `professor_escola` DISABLE KEYS */;
/*!40000 ALTER TABLE `professor_escola` ENABLE KEYS */;
UNLOCK TABLES;

--
-- Table structure for table `professorpebi`
--

DROP TABLE IF EXISTS `professorpebi`;
/*!40101 SET @saved_cs_client     = @@character_set_client */;
/*!40101 SET character_set_client = utf8 */;
CREATE TABLE `professorpebi` (
  `ID` int(11) NOT NULL,
  `PERIODO` varchar(255) DEFAULT NULL,
  PRIMARY KEY (`ID`),
  CONSTRAINT `FK_PROFESSORPEBI_ID` FOREIGN KEY (`ID`) REFERENCES `pessoa` (`ID`)
) ENGINE=InnoDB DEFAULT CHARSET=latin1;
/*!40101 SET character_set_client = @saved_cs_client */;

--
-- Dumping data for table `professorpebi`
--

LOCK TABLES `professorpebi` WRITE;
/*!40000 ALTER TABLE `professorpebi` DISABLE KEYS */;
/*!40000 ALTER TABLE `professorpebi` ENABLE KEYS */;
UNLOCK TABLES;

--
-- Table structure for table `professorpebii`
--

DROP TABLE IF EXISTS `professorpebii`;
/*!40101 SET @saved_cs_client     = @@character_set_client */;
/*!40101 SET character_set_client = utf8 */;
CREATE TABLE `professorpebii` (
  `ID` int(11) NOT NULL,
  `AULASATRIBUIDAS` int(11) DEFAULT NULL,
  `ESPECIALIDADE` varchar(255) DEFAULT NULL,
  PRIMARY KEY (`ID`),
  CONSTRAINT `FK_PROFESSORPEBII_ID` FOREIGN KEY (`ID`) REFERENCES `pessoa` (`ID`)
) ENGINE=InnoDB DEFAULT CHARSET=latin1;
/*!40101 SET character_set_client = @saved_cs_client */;

--
-- Dumping data for table `professorpebii`
--

LOCK TABLES `professorpebii` WRITE;
/*!40000 ALTER TABLE `professorpebii` DISABLE KEYS */;
/*!40000 ALTER TABLE `professorpebii` ENABLE KEYS */;
UNLOCK TABLES;

--
-- Table structure for table `professorpebii_turma`
--

DROP TABLE IF EXISTS `professorpebii_turma`;
/*!40101 SET @saved_cs_client     = @@character_set_client */;
/*!40101 SET character_set_client = utf8 */;
CREATE TABLE `professorpebii_turma` (
  `turmas_ID` int(11) NOT NULL,
  `profPebII_ID` int(11) NOT NULL,
  PRIMARY KEY (`turmas_ID`,`profPebII_ID`),
  KEY `FK_PROFESSORPEBII_TURMA_profPebII_ID` (`profPebII_ID`),
  CONSTRAINT `FK_PROFESSORPEBII_TURMA_profPebII_ID` FOREIGN KEY (`profPebII_ID`) REFERENCES `pessoa` (`ID`),
  CONSTRAINT `FK_PROFESSORPEBII_TURMA_turmas_ID` FOREIGN KEY (`turmas_ID`) REFERENCES `turma` (`ID`)
) ENGINE=InnoDB DEFAULT CHARSET=latin1;
/*!40101 SET character_set_client = @saved_cs_client */;

--
-- Dumping data for table `professorpebii_turma`
--

LOCK TABLES `professorpebii_turma` WRITE;
/*!40000 ALTER TABLE `professorpebii_turma` DISABLE KEYS */;
/*!40000 ALTER TABLE `professorpebii_turma` ENABLE KEYS */;
UNLOCK TABLES;

--
-- Table structure for table `telefone`
--

DROP TABLE IF EXISTS `telefone`;
/*!40101 SET @saved_cs_client     = @@character_set_client */;
/*!40101 SET character_set_client = utf8 */;
CREATE TABLE `telefone` (
  `ID` int(11) NOT NULL AUTO_INCREMENT,
  `NUMERO` varchar(255) DEFAULT NULL,
  PRIMARY KEY (`ID`)
) ENGINE=InnoDB AUTO_INCREMENT=2 DEFAULT CHARSET=latin1;
/*!40101 SET character_set_client = @saved_cs_client */;

--
-- Dumping data for table `telefone`
--

LOCK TABLES `telefone` WRITE;
/*!40000 ALTER TABLE `telefone` DISABLE KEYS */;
INSERT INTO `telefone` VALUES (1,'1437334306');
/*!40000 ALTER TABLE `telefone` ENABLE KEYS */;
UNLOCK TABLES;

--
-- Table structure for table `transferencia`
--

DROP TABLE IF EXISTS `transferencia`;
/*!40101 SET @saved_cs_client     = @@character_set_client */;
/*!40101 SET character_set_client = utf8 */;
CREATE TABLE `transferencia` (
  `ID` int(11) NOT NULL AUTO_INCREMENT,
  `ALUNO_ID` int(11) DEFAULT NULL,
  `ESCOLA_ID` int(11) DEFAULT NULL,
  `FUNCIONARIO_ID` int(11) DEFAULT NULL,
  `TURMA_ID` int(11) DEFAULT NULL,
  PRIMARY KEY (`ID`),
  KEY `FK_TRANSFERENCIA_ALUNO_ID` (`ALUNO_ID`),
  KEY `FK_TRANSFERENCIA_ESCOLA_ID` (`ESCOLA_ID`),
  KEY `FK_TRANSFERENCIA_FUNCIONARIO_ID` (`FUNCIONARIO_ID`),
  KEY `FK_TRANSFERENCIA_TURMA_ID` (`TURMA_ID`),
  CONSTRAINT `FK_TRANSFERENCIA_ALUNO_ID` FOREIGN KEY (`ALUNO_ID`) REFERENCES `pessoa` (`ID`),
  CONSTRAINT `FK_TRANSFERENCIA_ESCOLA_ID` FOREIGN KEY (`ESCOLA_ID`) REFERENCES `escola` (`ID`),
  CONSTRAINT `FK_TRANSFERENCIA_FUNCIONARIO_ID` FOREIGN KEY (`FUNCIONARIO_ID`) REFERENCES `pessoa` (`ID`),
  CONSTRAINT `FK_TRANSFERENCIA_TURMA_ID` FOREIGN KEY (`TURMA_ID`) REFERENCES `turma` (`ID`)
) ENGINE=InnoDB DEFAULT CHARSET=latin1;
/*!40101 SET character_set_client = @saved_cs_client */;

--
-- Dumping data for table `transferencia`
--

LOCK TABLES `transferencia` WRITE;
/*!40000 ALTER TABLE `transferencia` DISABLE KEYS */;
/*!40000 ALTER TABLE `transferencia` ENABLE KEYS */;
UNLOCK TABLES;

--
-- Table structure for table `turma`
--

DROP TABLE IF EXISTS `turma`;
/*!40101 SET @saved_cs_client     = @@character_set_client */;
/*!40101 SET character_set_client = utf8 */;
CREATE TABLE `turma` (
  `ID` int(11) NOT NULL AUTO_INCREMENT,
  `CRONOGRAMA` longblob,
  `LETRA` varchar(255) DEFAULT NULL,
  `PERIODO` varchar(255) DEFAULT NULL,
  `TURMA` varchar(255) DEFAULT NULL,
  `VAGAS` int(11) DEFAULT NULL,
  `escola_id` int(11) DEFAULT NULL,
  `PROFPEBI_ID` int(11) DEFAULT NULL,
  PRIMARY KEY (`ID`),
  KEY `FK_TURMA_escola_id` (`escola_id`),
  KEY `FK_TURMA_PROFPEBI_ID` (`PROFPEBI_ID`),
  CONSTRAINT `FK_TURMA_PROFPEBI_ID` FOREIGN KEY (`PROFPEBI_ID`) REFERENCES `pessoa` (`ID`),
  CONSTRAINT `FK_TURMA_escola_id` FOREIGN KEY (`escola_id`) REFERENCES `escola` (`ID`)
) ENGINE=InnoDB AUTO_INCREMENT=2 DEFAULT CHARSET=latin1;
/*!40101 SET character_set_client = @saved_cs_client */;

--
-- Dumping data for table `turma`
--

LOCK TABLES `turma` WRITE;
/*!40000 ALTER TABLE `turma` DISABLE KEYS */;
INSERT INTO `turma` VALUES (1,'\\0ur\0[[I\O<\0\0xp\0\0\0ur\0[IM`&v겥\0\0xp\0\0\0\0\0\0\0\0\0\0\0\0\0\0\0\0\0\0\0\0\0\0\0uq\0~\0\0\0\0\0\0\0\0\0\0\0\0\0\0\0\0\0\0\0\0\0\0\0\0uq\0~\0\0\0\0\0\0\0\0\0\0\0\0\0\0\0\0\0\0\0\0\0\0\0\0uq\0~\0\0\0\0\0\0\0\0\0\0\0\0\0\0\0\0\0\0\0\0\0\0\0\0uq\0~\0\0\0\0\0\0\0\0\0\0\0\0\0\0\0\0\0\0\0\0\0\0\0\0','A','Manhã','2º Ano',25,1,NULL);
/*!40000 ALTER TABLE `turma` ENABLE KEYS */;
UNLOCK TABLES;

--
-- Table structure for table `turma_outrocargo`
--

DROP TABLE IF EXISTS `turma_outrocargo`;
/*!40101 SET @saved_cs_client     = @@character_set_client */;
/*!40101 SET character_set_client = utf8 */;
CREATE TABLE `turma_outrocargo` (
  `Turma_ID` int(11) NOT NULL,
  `adi_ID` int(11) NOT NULL,
  PRIMARY KEY (`Turma_ID`,`adi_ID`),
  KEY `FK_TURMA_OUTROCARGO_adi_ID` (`adi_ID`),
  CONSTRAINT `FK_TURMA_OUTROCARGO_Turma_ID` FOREIGN KEY (`Turma_ID`) REFERENCES `turma` (`ID`),
  CONSTRAINT `FK_TURMA_OUTROCARGO_adi_ID` FOREIGN KEY (`adi_ID`) REFERENCES `pessoa` (`ID`)
) ENGINE=InnoDB DEFAULT CHARSET=latin1;
/*!40101 SET character_set_client = @saved_cs_client */;

--
-- Dumping data for table `turma_outrocargo`
--

LOCK TABLES `turma_outrocargo` WRITE;
/*!40000 ALTER TABLE `turma_outrocargo` DISABLE KEYS */;
/*!40000 ALTER TABLE `turma_outrocargo` ENABLE KEYS */;
UNLOCK TABLES;
/*!40103 SET TIME_ZONE=@OLD_TIME_ZONE */;

/*!40101 SET SQL_MODE=@OLD_SQL_MODE */;
/*!40014 SET FOREIGN_KEY_CHECKS=@OLD_FOREIGN_KEY_CHECKS */;
/*!40014 SET UNIQUE_CHECKS=@OLD_UNIQUE_CHECKS */;
/*!40101 SET CHARACTER_SET_CLIENT=@OLD_CHARACTER_SET_CLIENT */;
/*!40101 SET CHARACTER_SET_RESULTS=@OLD_CHARACTER_SET_RESULTS */;
/*!40101 SET COLLATION_CONNECTION=@OLD_COLLATION_CONNECTION */;
/*!40111 SET SQL_NOTES=@OLD_SQL_NOTES */;

-- Dump completed on 2018-11-17 18:22:21
